"ら戳","Θユ鸭","Θユ髅B","}L基","程蔼基","程C基","ΜL基","害^基t","Θユ掸计","钮"
"2018/11/01","6,807,294","532,547,148","77.85","78.45","77.55","78.40","+0.85","3,048",
"2018/11/02","6,722,329","527,356,465","78.40","78.80","78.00","78.65","+0.25","3,073",
"2018/11/05","4,657,750","363,054,360","78.10","78.25","77.60","78.25","-0.40","2,195",
"2018/11/06","6,206,482","483,978,162","78.45","78.50","77.75","78.00","-0.25","2,046",
"2018/11/07","6,194,750","485,644,361","78.20","78.55","78.05","78.40","+0.40","2,594",
"2018/11/08","10,309,985","813,484,895","79.15","79.40","78.50","78.85","+0.45","3,816",
"2018/11/09","36,848,011","2,867,181,167","78.50","78.50","77.65","77.80","-1.05","2,930",
"2018/11/12","6,133,260","478,405,835","77.75","78.30","77.55","78.00","+0.20","1,628",
"2018/11/13","10,711,869","819,374,746","76.15","77.25","75.70","77.10","-0.90","3,762",
"2018/11/14","6,293,375","486,228,774","77.25","77.40","77.00","77.35","+0.25","1,626",
"2018/11/15","5,694,368","440,513,236","77.50","77.65","76.75","77.60","+0.25","1,247",
"2018/11/16","8,883,904","685,298,620","77.95","77.95","76.85","76.95","-0.65","2,331",
"2018/11/19","7,058,370","541,993,834","77.05","77.15","76.60","76.70","-0.25","1,672",
"2018/11/20","8,625,123","656,617,939","76.40","76.50","75.75","76.00","-0.70","3,297",
"2018/11/21","15,125,043","1,143,349,727","75.30","76.05","74.85","76.00"," 0.00","3,739",
"2018/11/22","5,934,803","450,631,578","76.10","76.25","75.60","75.60","-0.40","2,029",
"2018/11/23","4,041,215","304,440,003","75.70","75.85","75.05","75.35","-0.25","2,078",
"2018/11/26","6,330,267","483,137,195","75.90","76.95","75.75","76.15","+0.80","2,266",
"2018/11/27","7,625,933","576,522,804","75.95","76.05","75.20","76.05","-0.10","2,519",
"2018/11/28","7,549,760","577,452,117","76.15","76.95","75.75","76.90","+0.85","2,641",
"2018/11/29","8,881,587","687,927,261","77.70","77.95","77.05","77.05","+0.15","2,527",
"2018/11/30","4,210,211","324,711,501","77.20","77.35","76.75","76.75","-0.30","1,670",
"2018/10/01","5,914,234","516,131,207","86.90","87.40","86.90","87.35","+0.45","2,729",
"2018/10/02","5,434,332","469,382,289","87.25","87.25","86.00","86.05","-1.30","2,466",
"2018/10/03","4,369,690","375,778,640","86.05","86.30","85.80","85.95","-0.10","1,554",
"2018/10/04","9,736,968","827,292,110","85.70","85.70","84.80","84.90","-1.05","4,230",
"2018/10/05","26,744,096","2,239,942,717","84.50","84.50","83.00","83.45","-1.45","11,367",
"2018/10/08","46,523,204","3,855,479,629","82.95","83.40","82.50","83.00","-0.45","16,777",
"2018/10/09","20,530,897","1,706,528,887","83.05","83.40","82.80","83.25","+0.25","9,093",
"2018/10/11","68,551,624","5,389,808,235","80.15","80.15","77.35","77.40","-5.85","29,625",
"2018/10/12","23,183,282","1,825,995,175","77.70","80.05","77.50","80.05","+2.65","11,298",
"2018/10/15","49,299,658","3,886,740,002","79.50","79.50","78.65","79.20","-0.85","12,199",
"2018/10/16","16,686,645","1,319,117,765","79.00","79.50","78.60","79.30","+0.10","6,313",
"2018/10/17","20,309,037","1,623,444,090","80.45","80.50","79.35","79.40","+0.10","8,082",
"2018/10/18","7,988,282","633,217,825","79.50","79.75","78.95","79.15","-0.25","3,397",
"2018/10/19","12,064,036","948,108,881","78.20","79.30","78.00","79.30","+0.15","3,531",
"2018/10/22","12,453,453","979,040,928","78.35","79.55","78.00","79.20","-0.10","3,464",
"2018/10/23","24,898,392","1,943,501,426","78.10","78.60","77.70","77.75","-1.45","8,141",
"2018/10/24","13,002,500","1,004,568,676","77.80","77.95","76.70","77.40","-0.35","5,533",
"2018/10/25","28,935,886","2,190,854,586","75.50","76.20","75.30","75.50","-1.90","7,121",
"2018/10/26","17,783,781","1,338,505,238","76.25","76.45","74.50","75.40","-0.10","6,911",
"2018/10/29","9,883,260","747,884,213","75.85","76.10","75.35","75.75","+0.35","3,121",
"2018/10/30","6,119,050","464,489,618","75.80","76.25","75.50","75.95","+0.20","2,313",
"2018/10/31","9,898,224","764,366,541","76.60","77.55","76.60","77.55","+1.60","4,310",
"2018/09/03","3,670,077","318,489,642","86.95","87.20","86.40","86.45","-0.50","1,852",
"2018/09/04","2,357,725","204,511,025","86.80","87.00","86.45","87.00","+0.55","1,553",
"2018/09/05","2,496,308","217,228,848","87.00","87.30","86.70","87.00"," 0.00","1,053",
"2018/09/06","1,945,889","168,384,874","86.90","86.90","86.20","86.50","-0.50","1,168",
"2018/09/07","2,505,908","216,029,254","86.20","86.45","86.00","86.40","-0.10","1,256",
"2018/09/10","5,319,281","457,230,691","86.60","86.60","85.65","86.00","-0.40","2,224",
"2018/09/11","19,525,404","1,672,322,444","85.95","86.00","85.40","85.65","-0.35","7,801",
"2018/09/12","18,583,973","1,588,075,828","85.85","85.90","85.25","85.55","-0.10","7,809",
"2018/09/13","20,996,200","1,789,506,288","85.80","85.80","84.90","84.95","-0.60","9,849",
"2018/09/14","8,616,375","741,763,887","85.75","86.50","85.60","86.50","+1.55","3,095",
"2018/09/17","8,988,960","773,023,506","86.50","86.50","85.70","85.85","-0.65","2,440",
"2018/09/18","6,140,571","524,809,750","85.60","85.70","85.20","85.40","-0.45","2,243",
"2018/09/19","6,881,627","591,822,766","85.80","86.30","85.70","86.15","+0.75","3,226",
"2018/09/20","4,159,776","357,894,112","86.45","86.55","85.80","85.90","-0.25","1,030",
"2018/09/21","7,370,439","636,825,668","86.25","86.85","85.90","86.85","+0.95","2,626",
"2018/09/25","7,506,252","652,734,924","86.65","87.15","86.60","87.10","+0.25","2,984",
"2018/09/26","8,036,503","698,254,201","86.90","87.00","86.75","86.90","-0.20","2,692",
"2018/09/27","27,800,036","2,423,747,411","86.60","87.45","86.60","87.35","+0.45","8,114",
"2018/09/28","13,202,371","1,151,404,227","87.35","87.65","86.60","86.90","-0.45","4,328",
"2018/08/01","4,012,507","345,034,802","85.80","86.20","85.80","86.15","+0.60","1,507",
"2018/08/02","4,774,950","408,144,300","86.10","86.15","84.85","84.85","-1.30","1,255",
"2018/08/03","1,225,166","104,806,018","85.40","85.70","85.35","85.55","+0.70","661",
"2018/08/06","2,424,671","208,061,157","85.55","86.10","85.35","85.70","+0.15","1,169",
"2018/08/07","1,199,281","102,654,664","85.70","85.80","85.40","85.50","-0.20","893",
"2018/08/08","4,074,984","351,307,291","85.80","86.40","85.80","86.15","+0.65","1,274",
"2018/08/09","1,631,789","140,409,677","86.10","86.25","85.70","86.15"," 0.00","860",
"2018/08/10","1,279,917","109,887,403","85.70","86.15","85.65","85.70","-0.45","717",
"2018/08/13","7,284,934","613,593,198","85.05","85.05","83.65","83.95","-1.75","3,154",
"2018/08/14","2,243,205","189,202,665","84.40","84.60","84.05","84.55","+0.60","1,082",
"2018/08/15","4,279,671","358,442,697","84.50","84.50","83.45","83.75","-0.80","2,778",
"2018/08/16","4,532,542","378,662,628","83.25","84.10","83.05","83.80","+0.05","1,957",
"2018/08/17","4,640,039","388,914,326","83.95","84.15","83.60","83.65","-0.15","1,655",
"2018/08/20","3,147,996","264,000,882","83.90","84.10","83.70","83.95","+0.30","1,466",
"2018/08/21","5,023,058","423,888,290","83.90","84.65","83.90","84.55","+0.60","1,700",
"2018/08/22","3,545,768","300,217,040","84.70","84.85","84.35","84.65","+0.10","1,156",
"2018/08/23","3,869,236","328,564,580","84.80","85.20","84.60","85.05","+0.40","903",
"2018/08/24","2,549,174","216,059,090","85.00","85.10","84.45","84.80","-0.25","810",
"2018/08/27","5,025,454","428,795,783","85.00","85.55","85.00","85.55","+0.75","1,853",
"2018/08/28","8,288,078","714,613,443","85.95","86.40","85.95","86.25","+0.70","2,833",
"2018/08/29","13,383,846","1,164,633,494","86.45","87.35","86.45","87.25","+1.00","4,145",
"2018/08/30","9,894,177","869,371,023","87.80","88.35","87.45","87.55","+0.30","3,515",
"2018/08/31","4,245,610","368,332,289","87.00","87.00","86.45","86.95","-0.60","2,097",
"2018/07/02","4,175,628","340,342,167","81.50","81.90","81.00","81.05","-0.40","1,476",
"2018/07/03","5,023,687","407,797,091","81.30","81.95","80.60","81.15","+0.10","1,445",
"2018/07/04","1,746,449","142,005,065","81.15","81.60","81.10","81.40","+0.25","720",
"2018/07/05","3,119,082","252,501,708","81.45","81.45","80.60","80.75","-0.65","1,163",
"2018/07/06","5,351,492","431,770,914","81.10","81.15","80.20","80.95","+0.20","1,679",
"2018/07/09","9,040,778","742,124,242","81.75","82.45","81.55","82.25","+1.30","2,919",
"2018/07/10","4,913,802","405,509,024","82.65","82.80","82.35","82.45","+0.20","2,340",
"2018/07/11","3,899,069","317,877,992","81.70","81.90","81.30","81.70","-0.75","1,081",
"2018/07/12","6,882,846","567,290,801","81.60","82.65","81.50","82.65","+0.95","2,051",
"2018/07/13","13,661,779","1,135,575,906","83.00","83.40","82.80","83.35","+0.70","4,818",
"2018/07/16","5,332,432","443,588,641","83.30","83.45","83.00","83.00","-0.35","1,945",
"2018/07/17","2,992,751","247,259,857","82.85","82.85","82.40","82.55","-0.45","949",
"2018/07/18","13,174,455","1,096,705,424","83.15","83.50","82.95","83.05","+0.50","6,528",
"2018/07/19","13,217,661","1,104,868,177","83.10","83.80","83.05","83.30","+0.25","3,471",
"2018/07/20","18,403,370","1,554,789,461","84.00","84.70","84.00","84.65","+1.35","5,400",
"2018/07/23","8,504,472","717,700,336","84.30","84.75","83.85","84.55","X0.00","2,543",
"2018/07/24","5,116,814","432,638,596","84.45","84.70","84.15","84.70","+0.15","2,053",
"2018/07/25","6,352,201","538,152,149","84.05","84.85","84.05","84.75","+0.05","1,862",
"2018/07/26","8,471,170","720,308,687","84.75","85.25","84.75","85.00","+0.25","2,884",
"2018/07/27","5,947,118","508,730,875","85.10","85.75","85.10","85.70","+0.70","1,942",
"2018/07/30","3,230,410","276,780,248","85.65","85.90","85.40","85.55","-0.15","1,179",
"2018/07/31","2,739,663","234,041,326","85.35","85.70","85.05","85.55"," 0.00","1,056",
"2018/06/01","1,848,694","150,141,515","80.80","81.45","80.80","81.35","+0.60","818",
"2018/06/04","7,081,064","583,108,366","81.80","82.60","81.80","82.60","+1.25","2,675",
"2018/06/05","2,695,921","222,338,374","82.70","82.70","82.25","82.50","-0.10","1,361",
"2018/06/06","6,398,322","531,456,226","82.65","83.35","82.65","83.30","+0.80","2,988",
"2018/06/07","6,704,318","557,849,318","83.50","83.60","83.00","83.45","+0.15","1,499",
"2018/06/08","3,469,539","287,811,322","83.30","83.30","82.50","82.55","-0.90","980",
"2018/06/11","3,264,375","269,605,262","82.80","82.95","82.40","82.65","+0.10","838",
"2018/06/12","2,243,224","184,469,445","82.25","82.50","81.95","82.50","-0.15","697",
"2018/06/13","4,668,145","386,299,235","82.45","83.10","82.35","83.00","+0.50","1,475",
"2018/06/14","3,564,268","292,513,426","82.50","82.55","81.75","81.75","-1.25","1,517",
"2018/06/15","3,862,122","314,683,389","81.60","81.95","81.20","81.95","+0.20","1,377",
"2018/06/19","4,994,238","403,588,078","81.10","81.20","80.60","80.60","-1.35","2,728",
"2018/06/20","7,866,995","637,796,526","80.65","81.70","80.30","81.50","+0.90","4,099",
"2018/06/21","2,134,851","173,683,734","81.50","81.60","81.20","81.25","-0.25","1,305",
"2018/06/22","6,482,461","523,157,693","80.80","81.20","80.35","81.15","-0.10","2,708",
"2018/06/25","7,993,181","646,507,087","80.85","81.05","80.70","80.90","-0.25","3,482",
"2018/06/26","16,434,141","1,320,542,535","80.70","80.70","80.00","80.70","-0.20","7,473",
"2018/06/27","8,308,049","668,958,497","80.75","80.90","80.30","80.40","-0.30","3,764",
"2018/06/28","12,064,020","965,311,034","80.05","80.40","79.80","80.05","-0.35","4,165",
"2018/06/29","6,584,213","532,141,516","80.30","81.55","80.20","81.45","+1.40","3,155",
"2018/05/02","5,513,498","439,622,305","80.05","80.15","79.40","79.40","-0.60","2,584",
"2018/05/03","8,823,434","694,073,004","79.05","79.05","78.35","78.55","-0.85","4,248",
"2018/05/04","3,475,423","273,248,775","78.55","79.00","78.40","78.95","+0.40","1,860",
"2018/05/07","3,858,382","305,849,245","79.50","79.55","78.80","79.50","+0.55","1,752",
"2018/05/08","5,352,116","427,504,370","79.40","80.05","79.35","80.00","+0.50","2,272",
"2018/05/09","3,359,022","270,071,272","80.00","80.55","80.00","80.45","+0.45","1,914",
"2018/05/10","5,977,304","481,662,488","80.70","80.70","80.45","80.65","+0.20","3,239",
"2018/05/11","17,654,297","1,436,892,102","81.10","81.70","81.05","81.60","+0.95","6,364",
"2018/05/14","17,197,686","1,414,607,650","82.00","82.60","81.90","82.50","+0.90","6,171",
"2018/05/15","7,222,482","592,065,703","82.35","82.40","81.65","81.65","-0.85","2,449",
"2018/05/16","8,293,601","677,320,569","81.45","81.80","81.40","81.75","+0.10","2,922",
"2018/05/17","1,940,778","158,110,701","81.95","82.00","81.20","81.20","-0.55","1,009",
"2018/05/18","2,360,712","191,353,462","81.20","81.50","80.85","80.95","-0.25","1,051",
"2018/05/21","3,889,661","318,673,185","81.20","82.10","81.20","82.05","+1.10","1,717",
"2018/05/22","1,837,449","150,711,615","81.80","82.30","81.75","81.75","-0.30","834",
"2018/05/23","2,124,373","173,329,337","81.90","82.00","81.30","81.35","-0.40","663",
"2018/05/24","1,135,324","92,525,577","81.35","81.70","81.25","81.55","+0.20","460",
"2018/05/25","3,115,748","254,971,743","81.55","82.05","81.40","81.85","+0.30","1,454",
"2018/05/28","2,940,383","241,485,608","82.05","82.25","82.00","82.20","+0.35","1,601",
"2018/05/29","1,388,540","113,427,981","82.20","82.20","81.50","81.85","-0.35","580",
"2018/05/30","6,177,819","497,863,690","81.40","81.40","80.30","80.40","-1.45","3,017",
"2018/05/31","1,605,922","129,628,697","80.80","80.95","80.55","80.75","+0.35","733",
"2018/04/02","3,737,299","307,813,730","82.85","82.95","82.15","82.25","-0.70","1,099",
"2018/04/03","6,187,523","503,435,586","81.50","81.55","81.20","81.50","-0.75","2,624",
"2018/04/09","3,401,430","278,923,482","82.15","82.30","81.60","82.20","+0.70","1,167",
"2018/04/10","3,860,497","318,719,411","82.10","82.85","81.75","82.50","+0.30","1,039",
"2018/04/11","2,603,653","215,930,349","82.90","83.10","82.75","82.85","+0.35","1,252",
"2018/04/12","3,591,573","296,423,097","83.05","83.15","82.25","82.50","-0.35","1,267",
"2018/04/13","2,982,732","246,303,554","82.70","82.80","82.30","82.50"," 0.00","792",
"2018/04/16","1,809,198","148,796,053","82.65","82.65","82.00","82.30","-0.20","761",
"2018/04/17","4,325,040","352,876,030","82.40","82.40","81.35","81.40","-0.90","2,223",
"2018/04/18","3,739,837","305,624,331","81.60","82.10","81.35","81.60","+0.20","1,306",
"2018/04/19","4,461,269","367,816,687","81.90","82.65","81.90","82.65","+1.05","1,200",
"2018/04/20","9,017,715","728,325,834","81.00","81.10","80.50","80.75","-1.90","3,705",
"2018/04/23","10,624,780","850,769,704","80.25","80.45","79.90","79.95","-0.80","5,274",
"2018/04/24","16,867,787","1,341,875,510","79.90","79.95","79.05","79.55","-0.40","6,924",
"2018/04/25","16,460,997","1,301,833,349","79.25","79.30","78.80","79.30","-0.25","7,679",
"2018/04/26","16,485,778","1,305,124,761","79.70","79.70","78.80","79.05","-0.25","6,863",
"2018/04/27","12,395,611","979,827,894","79.60","79.65","78.80","79.20","+0.15","4,730",
"2018/04/30","6,516,983","519,421,423","79.65","80.15","79.05","80.00","+0.80","2,677",
"2018/03/01","4,344,220","354,595,798","81.55","81.95","81.15","81.75","-0.60","2,554",
"2018/03/02","6,262,361","505,982,082","80.85","81.20","80.45","81.15","-0.60","2,846",
"2018/03/05","3,723,757","301,898,098","81.10","81.50","80.65","80.75","-0.40","1,223",
"2018/03/06","5,732,204","469,203,518","81.65","82.15","81.60","82.15","+1.40","1,756",
"2018/03/07","2,619,161","214,899,152","81.75","82.45","81.70","81.80","-0.35","1,029",
"2018/03/08","3,232,583","266,947,148","82.15","82.80","82.15","82.75","+0.95","1,396",
"2018/03/09","2,832,064","234,740,002","82.90","83.00","82.70","82.85","+0.10","986",
"2018/03/12","8,752,324","735,446,031","83.60","84.25","83.55","84.15","+1.30","2,942",
"2018/03/13","9,837,435","831,704,291","84.35","84.95","84.30","84.95","+0.80","3,126",
"2018/03/14","3,415,928","287,869,559","84.35","84.45","84.00","84.30","-0.65","1,373",
"2018/03/15","3,506,898","295,014,773","84.00","84.30","83.90","84.25","-0.05","1,533",
"2018/03/16","5,510,671","460,021,500","84.00","84.20","83.10","83.90","-0.35","1,652",
"2018/03/19","2,035,534","170,676,406","83.65","84.10","83.45","83.85","-0.05","892",
"2018/03/20","2,895,350","241,726,053","83.20","83.80","83.20","83.80","-0.05","1,019",
"2018/03/21","4,891,527","410,076,823","83.80","84.10","83.60","83.85","+0.05","2,337",
"2018/03/22","3,429,925","288,139,929","84.00","84.60","83.45","83.55","-0.30","1,608",
"2018/03/23","8,259,738","677,767,488","81.85","82.40","81.80","82.10","-1.45","2,816",
"2018/03/26","4,369,122","357,831,903","81.85","82.20","81.60","82.20","+0.10","1,837",
"2018/03/27","3,277,568","272,571,549","83.00","83.40","82.95","83.40","+1.20","1,015",
"2018/03/28","4,161,192","343,127,725","82.90","82.90","82.20","82.25","-1.15","1,306",
"2018/03/29","4,099,855","336,213,829","82.25","82.35","81.80","82.10","-0.15","1,127",
"2018/03/30","4,994,090","414,075,827","82.65","83.05","82.65","82.85","+0.75","1,285",
"2018/03/31","878,295","72,801,339","82.85","83.05","82.75","82.95","+0.10","495",
"2018/02/01","2,914,539","248,420,810","84.75","85.50","84.75","85.25","+0.60","897",
"2018/02/02","3,081,592","261,095,295","84.85","85.15","84.35","84.90","-0.35","880",
"2018/02/05","7,075,902","588,994,369","83.20","83.75","82.90","83.60","-1.30","2,875",
"2018/02/06","32,222,595","2,574,016,957","80.85","81.10","78.80","79.65","-3.95","11,372",
"2018/02/07","10,181,907","825,539,952","81.35","81.40","80.60","80.65","+1.00","5,189",
"2018/02/08","4,514,691","363,476,832","80.65","80.95","80.30","80.60","-0.05","1,972",
"2018/02/09","16,211,237","1,271,812,204","78.60","79.20","78.00","79.05","-1.55","6,760",
"2018/02/12","8,443,795","672,977,850","79.55","79.90","79.40","79.70","+0.65","3,828",
"2018/02/21","11,646,085","948,993,971","81.40","81.70","81.10","81.50","+1.80","4,541",
"2018/02/22","3,749,910","303,821,917","81.50","81.50","80.75","81.00","-0.50","1,744",
"2018/02/23","3,779,316","309,207,057","81.40","82.10","81.40","82.00","+1.00","1,793",
"2018/02/26","3,289,207","271,560,439","82.55","82.80","82.35","82.40","+0.40","1,380",
"2018/02/27","7,663,746","634,417,022","83.10","83.20","82.35","82.35","-0.05","2,037",
"2018/01/02","3,613,199","298,033,251","82.15","82.60","82.15","82.60","+0.45","1,795",
"2018/01/03","7,196,437","599,476,413","82.95","83.45","82.95","83.35","+0.75","3,014",
"2018/01/04","5,627,565","469,312,820","83.50","83.65","83.20","83.50","+0.15","2,278",
"2018/01/05","7,616,796","636,768,692","83.50","83.80","83.30","83.75","+0.25","2,562",
"2018/01/08","5,189,611","435,775,639","83.80","84.15","83.70","84.10","+0.35","2,282",
"2018/01/09","3,664,716","308,057,554","84.10","84.25","83.90","84.15","+0.05","1,340",
"2018/01/10","5,749,597","482,358,793","84.10","84.25","83.55","83.75","-0.40","1,073",
"2018/01/11","2,579,225","214,867,793","83.65","83.70","83.10","83.40","-0.35","735",
"2018/01/12","2,871,193","241,214,778","83.55","84.20","83.50","84.10","+0.70","1,002",
"2018/01/15","2,819,852","238,493,616","84.55","84.70","84.40","84.65","+0.55","1,126",
"2018/01/16","3,955,841","335,496,385","84.65","85.00","84.50","85.00","+0.35","1,295",
"2018/01/17","5,698,268","485,174,071","84.65","85.45","84.65","85.15","+0.15","2,017",
"2018/01/18","6,898,803","594,091,024","85.50","86.55","85.50","86.30","+1.15","2,272",
"2018/01/19","5,302,072","461,040,360","86.35","87.15","86.35","87.15","+0.85","1,445",
"2018/01/22","4,441,061","389,066,253","87.15","87.95","87.15","87.95","+0.80","1,746",
"2018/01/23","5,799,932","511,405,502","88.05","88.40","87.90","88.30","+0.35","1,842",
"2018/01/24","5,103,429","444,907,065","88.00","88.00","86.85","87.20","-1.10","1,869",
"2018/01/25","4,983,684","436,967,956","87.25","88.30","87.15","87.45","+0.25","1,652",
"2018/01/26","7,774,673","678,481,509","87.45","87.60","86.85","87.50","+0.05","3,087",
"2018/01/29","6,445,797","551,350,942","85.50","86.15","85.20","85.55","X0.00","3,453",
"2018/01/30","4,966,261","421,572,779","85.20","85.35","84.50","84.55","-1.00","2,337",
"2018/01/31","4,251,739","359,040,915","84.40","85.00","84.15","84.65","+0.10","1,176",
"2017/12/01","5,620,322","462,116,126","82.15","82.90","81.65","82.60","+0.35","2,376",
"2017/12/04","1,503,749","124,232,242","82.65","82.95","82.35","82.90","+0.30","673",
"2017/12/05","1,880,132","154,873,413","82.55","82.65","82.20","82.25","-0.65","1,308",
"2017/12/06","13,235,403","1,076,016,844","82.10","82.10","80.85","80.85","-1.40","6,470",
"2017/12/07","7,309,030","590,253,335","81.20","81.25","80.45","80.90","+0.05","3,451",
"2017/12/08","6,280,017","507,950,499","81.50","81.50","80.65","80.90"," 0.00","2,684",
"2017/12/11","2,738,995","223,183,119","81.20","81.65","81.20","81.50","+0.60","1,611",
"2017/12/12","3,940,646","318,854,886","81.40","81.50","80.55","80.95","-0.55","1,585",
"2017/12/13","1,676,999","135,829,186","81.10","81.20","80.90","81.00","+0.05","777",
"2017/12/14","2,246,280","183,713,434","81.55","82.00","81.35","81.75","+0.75","882",
"2017/12/15","4,077,161","329,949,967","81.65","81.65","80.65","81.10","-0.65","1,649",
"2017/12/18","3,842,614","311,718,747","81.20","81.25","80.85","81.20","+0.10","787",
"2017/12/19","4,095,098","331,846,488","81.20","81.40","80.70","80.80","-0.40","885",
"2017/12/20","4,652,274","376,271,387","80.80","81.10","80.75","81.05","+0.25","1,310",
"2017/12/21","1,240,823","100,664,300","81.10","81.35","81.00","81.00","-0.05","521",
"2017/12/22","1,644,841","133,059,742","80.80","81.35","80.70","81.30","+0.30","546",
"2017/12/25","1,002,933","81,627,136","81.30","81.55","81.30","81.45","+0.15","557",
"2017/12/26","2,578,196","208,312,540","81.45","81.45","80.50","80.65","-0.80","1,118",
"2017/12/27","3,600,143","290,733,340","80.60","80.90","80.55","80.90","+0.25","675",
"2017/12/28","3,094,816","252,391,818","81.25","81.75","81.25","81.70","+0.80","962",
"2017/12/29","4,690,296","384,768,069","81.75","82.20","81.75","82.15","+0.45","1,612",
"2017/11/01","1,313,748","111,897,404","85.35","85.40","84.95","85.10","-0.10","430",
"2017/11/02","1,562,537","132,638,338","84.95","85.05","84.70","84.80","-0.30","479",
"2017/11/03","1,455,869","123,451,696","84.95","85.05","84.60","84.70","-0.10","483",
"2017/11/06","1,573,301","133,589,185","85.20","85.30","84.60","84.85","+0.15","749",
"2017/11/07","2,211,471","188,228,636","85.00","85.30","84.85","85.30","+0.45","827",
"2017/11/08","809,880","68,867,950","85.20","85.20","84.95","84.95","-0.35","399",
"2017/11/09","1,258,299","106,726,777","84.95","85.05","84.40","84.40","-0.55","562",
"2017/11/10","923,206","77,817,461","84.30","84.55","83.95","84.55","+0.15","552",
"2017/11/13","979,282","82,529,190","84.25","84.40","84.20","84.30","-0.25","552",
"2017/11/14","1,015,799","85,431,374","84.30","84.30","83.95","84.15","-0.15","620",
"2017/11/15","6,270,191","523,327,685","83.80","83.85","83.15","83.30","-0.85","2,923",
"2017/11/16","2,176,812","181,765,196","83.30","83.75","83.20","83.60","+0.30","1,253",
"2017/11/17","7,196,119","606,871,857","84.30","84.45","84.15","84.35","+0.75","1,336",
"2017/11/20","2,301,024","193,525,979","84.40","84.45","83.90","84.00","-0.35","1,105",
"2017/11/21","4,469,688","376,042,144","83.90","84.80","83.90","84.75","+0.75","1,019",
"2017/11/22","4,913,723","419,446,227","85.15","85.60","84.90","85.15","+0.40","1,676",
"2017/11/23","1,552,051","132,161,764","85.15","85.35","84.95","85.20","+0.05","597",
"2017/11/24","1,068,534","91,012,427","85.25","85.30","84.95","85.15","-0.05","530",
"2017/11/27","2,127,304","179,561,728","85.15","85.15","84.10","84.15","-1.00","899",
"2017/11/28","2,007,123","167,971,263","83.95","84.00","83.50","83.60","-0.55","1,014",
"2017/11/29","1,381,859","115,678,483","83.65","83.95","83.55","83.70","+0.10","559",
"2017/11/30","8,038,492","663,634,455","83.00","83.00","82.25","82.25","-1.45","2,887",
"2017/10/02","3,261,192","265,639,968","81.25","81.60","81.25","81.50","+0.30","931",
"2017/10/03","1,578,103","128,664,783","81.55","81.70","81.30","81.50"," 0.00","573",
"2017/10/05","6,407,078","524,400,046","81.50","82.10","81.50","81.85","+0.35","851",
"2017/10/06","4,126,781","338,645,008","82.10","82.20","81.95","82.10","+0.25","1,028",
"2017/10/11","15,975,456","1,328,351,032","82.45","83.40","82.45","83.40","+1.30","5,338",
"2017/10/12","8,770,044","736,349,192","83.55","84.20","83.55","84.20","+0.80","3,463",
"2017/10/13","3,596,016","301,743,272","83.95","84.05","83.75","84.05","-0.15","1,384",
"2017/10/16","4,045,713","340,972,938","84.05","84.50","84.05","84.50","+0.45","1,852",
"2017/10/17","3,233,897","273,273,995","84.55","84.70","84.30","84.30","-0.20","1,105",
"2017/10/18","4,472,628","378,300,867","84.80","85.00","84.30","84.60","+0.30","1,094",
"2017/10/19","2,447,441","208,033,714","84.70","85.20","84.70","84.90","+0.30","895",
"2017/10/20","1,725,562","146,031,654","84.40","84.85","84.40","84.55","-0.35","620",
"2017/10/23","1,771,858","149,959,192","84.70","84.95","84.45","84.50","-0.05","527",
"2017/10/24","1,072,153","90,505,455","84.50","84.50","84.20","84.40","-0.10","408",
"2017/10/25","2,416,641","203,863,633","84.30","84.60","84.20","84.35","-0.05","545",
"2017/10/26","3,226,482","271,833,233","84.15","84.40","84.00","84.25","-0.10","792",
"2017/10/27","2,141,138","180,898,607","84.30","84.75","84.20","84.30","+0.05","561",
"2017/10/30","3,357,992","285,709,119","85.10","85.35","84.80","84.95","+0.65","709",
"2017/10/31","2,131,434","181,429,580","85.00","85.35","84.80","85.20","+0.25","552",
"2017/09/01","4,429,357","367,698,896","82.95","83.20","82.65","83.00","+0.05","1,242",
"2017/09/04","2,595,960","215,379,980","82.90","83.05","82.70","82.85","-0.15","1,249",
"2017/09/05","2,564,014","212,297,667","82.90","83.00","82.65","82.95","+0.10","894",
"2017/09/06","2,891,459","239,135,774","82.70","82.90","82.35","82.60","-0.35","733",
"2017/09/07","1,368,850","112,962,000","82.80","82.85","82.20","82.25","-0.35","523",
"2017/09/08","2,841,807","235,025,531","82.40","82.90","82.40","82.70","+0.45","460",
"2017/09/11","1,627,740","134,840,770","83.25","83.35","82.50","82.55","-0.15","641",
"2017/09/12","1,394,251","115,579,395","82.95","83.05","82.65","82.85","+0.30","484",
"2017/09/13","2,175,414","179,336,920","82.90","83.00","82.25","82.30","-0.55","853",
"2017/09/14","1,749,686","144,135,177","82.30","82.55","82.15","82.35","+0.05","543",
"2017/09/15","1,821,006","149,836,316","82.35","82.50","82.10","82.35"," 0.00","666",
"2017/09/18","2,692,818","223,439,577","82.85","83.15","82.60","83.15","+0.80","1,093",
"2017/09/19","1,456,448","120,871,287","83.20","83.30","82.65","82.75","-0.40","689",
"2017/09/20","9,963,674","818,692,732","82.50","82.65","82.10","82.20","-0.55","3,861",
"2017/09/21","1,830,228","150,729,480","82.05","82.80","81.95","82.70","+0.50","677",
"2017/09/22","5,605,786","458,418,952","82.60","82.60","81.55","81.60","-1.10","1,799",
"2017/09/25","7,071,046","572,821,645","81.55","81.55","80.75","80.95","-0.65","3,080",
"2017/09/26","11,752,300","947,629,479","80.80","81.05","80.30","80.30","-0.65","4,705",
"2017/09/27","6,242,902","504,135,812","80.60","80.90","80.55","80.70","+0.40","2,313",
"2017/09/28","6,899,317","555,464,689","80.75","80.80","80.30","80.40","-0.30","2,076",
"2017/09/29","3,443,865","277,186,537","80.45","80.65","80.30","80.65","+0.25","1,210",
"2017/09/30","1,585,133","128,476,096","81.00","81.20","80.85","81.20","+0.55","801",
"2017/08/01","2,642,390","216,364,087","82.15","82.15","81.55","81.80","+0.45","732",
"2017/08/02","5,045,458","415,944,445","82.00","82.65","82.00","82.50","+0.70","1,221",
"2017/08/03","4,029,108","330,913,722","81.85","82.35","81.70","82.20","-0.30","827",
"2017/08/04","1,143,998","94,089,503","82.15","82.35","82.05","82.35","+0.15","427",
"2017/08/07","4,108,819","340,304,464","82.45","83.00","82.45","82.95","+0.60","1,251",
"2017/08/08","2,985,746","247,502,919","83.05","83.25","82.55","82.90","-0.05","728",
"2017/08/09","3,122,228","256,746,634","82.55","82.60","82.05","82.15","-0.75","1,325",
"2017/08/10","3,168,994","258,728,506","82.35","82.45","81.35","81.60","-0.55","1,480",
"2017/08/11","2,747,290","222,731,207","80.85","81.35","80.75","81.25","-0.35","1,267",
"2017/08/14","2,245,412","182,056,872","81.45","81.60","80.75","80.75","-0.50","1,259",
"2017/08/15","2,708,861","220,017,887","81.30","81.50","80.95","81.30","+0.55","1,240",
"2017/08/16","6,282,836","507,696,840","81.15","81.25","80.60","81.00","-0.30","3,347",
"2017/08/17","1,968,802","160,481,161","81.25","81.70","81.15","81.65","+0.65","1,359",
"2017/08/18","2,315,643","187,445,943","81.00","81.15","80.65","81.15","-0.50","1,477",
"2017/08/21","2,050,279","166,059,249","81.05","81.20","80.75","81.05","-0.10","1,214",
"2017/08/22","3,986,645","326,026,244","81.45","81.90","81.45","81.85","+0.80","1,808",
"2017/08/23","5,504,507","451,486,956","82.00","82.25","81.75","81.75","-0.10","1,548",
"2017/08/24","3,487,871","287,289,732","81.85","82.55","81.85","82.55","+0.80","1,621",
"2017/08/25","2,614,758","216,110,040","82.65","82.75","82.40","82.70","+0.15","1,497",
"2017/08/28","2,773,226","229,032,672","82.70","82.80","82.40","82.55","-0.15","1,625",
"2017/08/29","1,228,682","100,988,135","82.25","82.40","81.95","82.30","-0.25","758",
"2017/08/30","4,119,943","340,949,183","82.65","82.90","82.60","82.70","+0.40","1,574",
"2017/08/31","3,284,317","272,401,261","83.15","83.15","82.70","82.95","+0.25","863",
"2017/07/03","1,551,046","124,698,923","80.40","80.60","80.20","80.45","+0.05","619",
"2017/07/04","1,237,199","99,372,295","80.45","80.60","80.00","80.00","-0.45","522",
"2017/07/05","2,274,312","182,530,450","80.10","80.75","79.75","80.75","+0.75","765",
"2017/07/06","2,492,419","200,268,697","80.75","80.75","80.20","80.40","-0.35","715",
"2017/07/07","3,569,810","285,400,443","80.25","80.25","79.80","79.95","-0.45","1,199",
"2017/07/10","3,549,929","284,770,751","80.00","80.45","80.00","80.35","+0.40","1,183",
"2017/07/11","4,138,771","336,245,539","80.70","81.55","80.55","81.55","+1.20","1,699",
"2017/07/12","3,948,227","322,132,882","81.50","81.80","81.30","81.55"," 0.00","1,168",
"2017/07/13","3,992,624","328,058,991","81.95","82.40","81.75","82.20","+0.65","1,055",
"2017/07/14","2,281,634","187,062,793","82.00","82.15","81.80","82.05","-0.15","903",
"2017/07/17","2,687,643","221,106,322","82.50","82.55","82.00","82.20","+0.15","916",
"2017/07/18","3,277,706","269,432,663","82.20","82.40","81.85","82.40","+0.20","799",
"2017/07/19","7,267,690","601,075,693","82.35","83.00","82.35","82.70","+0.30","2,647",
"2017/07/20","2,020,686","167,118,472","82.85","82.90","82.55","82.65","-0.05","564",
"2017/07/21","4,465,912","367,035,273","82.60","82.60","82.05","82.10","-0.55","1,448",
"2017/07/24","2,364,317","194,054,288","81.95","82.30","81.75","82.30","+0.20","973",
"2017/07/25","2,126,646","175,014,217","82.30","82.50","82.10","82.45","+0.15","676",
"2017/07/26","2,357,445","194,141,125","82.55","82.75","82.05","82.15","-0.30","865",
"2017/07/27","2,213,720","183,279,010","82.20","83.00","82.20","83.00","+0.85","696",
"2017/07/28","4,401,601","361,925,338","82.40","82.45","81.95","82.10","-0.90","1,291",
"2017/07/31","2,806,599","228,312,297","81.45","81.50","81.05","81.35","X0.00","879",
"2017/06/01","2,221,692","170,334,430","76.50","76.90","76.50","76.90","+0.40","782",
"2017/06/02","3,540,934","273,287,776","77.30","77.30","77.05","77.20","+0.30","733",
"2017/06/03","2,052,295","158,709,516","77.25","77.40","77.25","77.40","+0.20","541",
"2017/06/05","3,281,752","254,540,406","77.35","78.00","77.25","78.00","+0.60","849",
"2017/06/06","1,203,007","93,684,346","77.95","77.95","77.70","77.95","-0.05","618",
"2017/06/07","1,844,790","143,852,570","77.90","78.10","77.70","77.95"," 0.00","485",
"2017/06/08","1,886,861","147,421,476","77.95","78.25","77.80","78.25","+0.30","489",
"2017/06/09","3,010,414","235,254,296","78.05","78.35","77.95","78.00","-0.25","1,261",
"2017/06/12","3,300,815","254,991,488","77.15","77.50","77.05","77.15","-0.85","1,008",
"2017/06/13","1,615,980","124,661,164","77.15","77.30","77.00","77.25","+0.10","437",
"2017/06/14","3,380,592","259,920,485","77.40","77.40","76.50","76.85","-0.40","775",
"2017/06/15","1,507,476","115,742,992","76.80","76.90","76.60","76.90","+0.05","473",
"2017/06/16","4,233,093","327,234,575","76.90","77.70","76.85","77.70","+0.80","711",
"2017/06/19","5,144,835","403,115,770","77.70","78.55","77.70","78.55","+0.85","1,459",
"2017/06/20","4,046,834","320,905,688","78.60","79.65","78.60","79.45","+0.90","1,306",
"2017/06/21","13,612,954","1,084,759,757","79.20","79.90","78.85","79.55","+0.10","2,001",
"2017/06/22","6,112,800","487,656,013","79.60","79.85","79.55","79.75","+0.20","1,120",
"2017/06/23","8,517,089","679,313,575","79.75","80.05","79.65","79.70","-0.05","3,426",
"2017/06/26","14,254,481","1,152,368,187","79.80","81.50","79.80","81.40","+1.70","2,367",
"2017/06/27","3,026,202","245,706,817","81.40","81.50","81.00","81.30","-0.10","1,145",
"2017/06/28","6,286,912","506,227,717","80.90","81.05","80.30","80.55","-0.75","2,321",
"2017/06/29","1,427,255","115,380,165","81.00","81.05","80.50","80.65","+0.10","513",
"2017/06/30","3,070,653","245,991,027","80.10","80.40","79.80","80.40","-0.25","854",
"2017/05/02","15,728,364","1,183,549,491","75.00","75.40","75.00","75.20","+0.65","2,827",
"2017/05/03","4,711,953","355,729,364","75.30","75.65","75.30","75.55","+0.35","1,708",
"2017/05/04","3,996,825","301,811,102","75.55","75.65","75.35","75.65","+0.10","1,145",
"2017/05/05","5,287,815","397,880,732","75.45","75.45","75.10","75.15","-0.50","1,320",
"2017/05/08","4,083,374","308,091,358","75.55","75.70","75.25","75.70","+0.55","1,054",
"2017/05/09","4,190,236","319,313,121","75.70","76.50","75.70","75.95","+0.25","1,120",
"2017/05/10","1,763,035","134,244,947","76.15","76.35","76.00","76.25","+0.30","638",
"2017/05/11","2,018,313","154,148,338","76.10","76.50","76.00","76.50","+0.25","736",
"2017/05/12","2,810,989","214,492,626","76.25","76.50","76.15","76.30","-0.20","539",
"2017/05/15","1,285,720","98,284,746","76.30","76.55","76.20","76.50","+0.20","539",
"2017/05/16","1,598,332","122,092,507","76.50","76.60","76.25","76.50"," 0.00","803",
"2017/05/17","1,331,528","101,438,562","76.30","76.40","76.05","76.30","-0.20","476",
"2017/05/18","4,271,928","323,392,357","75.65","75.90","75.30","75.90","-0.40","943",
"2017/05/19","1,162,847","88,166,922","75.65","75.90","75.65","75.85","-0.05","297",
"2017/05/22","2,576,137","195,790,949","75.95","76.15","75.75","76.05","+0.20","761",
"2017/05/23","3,844,351","292,887,587","76.05","76.45","76.00","76.35","+0.30","568",
"2017/05/24","2,886,268","220,350,338","76.35","76.45","76.25","76.30","-0.05","645",
"2017/05/25","4,681,977","360,095,129","76.70","77.00","76.45","77.00","+0.70","1,568",
"2017/05/26","4,018,329","308,975,447","77.00","77.15","76.75","76.95","-0.05","598",
"2017/05/31","2,701,301","207,172,841","76.95","77.50","76.40","76.50","-0.45","765",
"2017/04/05","3,594,368","267,911,149","73.95","74.80","73.95","74.65","+0.95","1,177",
"2017/04/06","2,811,150","209,240,706","74.80","74.80","74.30","74.40","-0.25","880",
"2017/04/07","1,889,165","139,505,932","74.30","74.30","73.40","74.10","-0.30","887",
"2017/04/10","1,060,789","78,625,981","74.10","74.25","74.00","74.20","+0.10","394",
"2017/04/11","1,266,959","93,779,536","74.10","74.40","73.75","73.90","-0.30","647",
"2017/04/12","1,940,147","143,460,184","73.90","74.10","73.65","74.05","+0.15","802",
"2017/04/13","6,004,675","446,309,468","73.90","74.45","73.90","74.40","+0.35","877",
"2017/04/14","2,674,280","196,994,842","73.90","73.90","73.50","73.55","-0.85","1,263",
"2017/04/17","5,339,490","393,147,347","73.55","73.80","73.35","73.60","+0.05","1,008",
"2017/04/18","4,099,924","302,371,805","73.85","74.00","73.50","73.60"," 0.00","671",
"2017/04/19","9,185,446","669,532,623","73.10","73.25","72.65","72.80","-0.80","3,402",
"2017/04/20","3,142,256","228,422,188","72.55","72.90","72.50","72.80"," 0.00","1,420",
"2017/04/21","3,247,213","238,184,129","73.25","73.50","73.10","73.50","+0.70","1,035",
"2017/04/24","4,309,464","317,407,130","73.90","73.95","73.45","73.65","+0.15","896",
"2017/04/25","5,698,061","422,598,229","73.85","74.40","73.70","74.35","+0.70","1,525",
"2017/04/26","4,117,953","307,089,866","74.70","74.70","74.40","74.55","+0.20","953",
"2017/04/27","3,685,290","273,944,187","74.35","74.50","74.15","74.50","-0.05","734",
"2017/04/28","4,423,100","329,448,991","74.50","74.60","74.30","74.55","+0.05","938",
"2017/03/01","3,107,350","225,726,160","73.10","73.10","72.35","72.35","-0.80","1,270",
"2017/03/02","7,057,872","512,240,160","72.95","73.25","72.25","72.55","+0.20","1,735",
"2017/03/03","4,410,226","318,135,638","72.30","72.35","72.00","72.10","-0.45","1,751",
"2017/03/06","2,177,363","157,105,795","72.05","72.25","72.00","72.15","+0.05","882",
"2017/03/07","2,027,296","146,868,581","72.25","72.60","72.25","72.45","+0.30","833",
"2017/03/08","2,182,147","158,530,106","72.65","72.85","72.45","72.85","+0.40","842",
"2017/03/09","3,381,395","243,825,130","72.60","72.60","71.95","72.05","-0.80","1,599",
"2017/03/10","5,423,285","389,031,634","71.95","72.05","71.55","72.00","-0.05","1,558",
"2017/03/13","2,515,382","182,074,433","72.15","72.50","72.15","72.50","+0.50","779",
"2017/03/14","3,948,353","287,952,737","72.60","73.10","72.60","73.00","+0.50","1,207",
"2017/03/15","3,490,372","254,234,206","72.80","73.00","72.60","72.85","-0.15","1,293",
"2017/03/16","7,545,149","555,972,274","73.30","73.85","73.30","73.80","+0.95","2,754",
"2017/03/17","5,265,875","389,526,850","73.85","74.10","73.75","74.00","+0.20","2,375",
"2017/03/20","5,073,186","375,539,714","73.95","74.15","73.85","73.95","-0.05","1,028",
"2017/03/21","8,511,270","634,988,551","74.30","74.90","74.30","74.90","+0.95","1,843",
"2017/03/22","4,939,975","366,163,705","74.25","74.25","74.00","74.20","-0.70","1,268",
"2017/03/23","4,105,955","305,444,615","74.60","74.65","74.15","74.35","+0.15","687",
"2017/03/24","3,308,120","245,456,942","74.35","74.40","74.10","74.25","-0.10","548",
"2017/03/27","2,474,340","183,601,806","74.00","74.40","73.85","74.20","-0.05","582",
"2017/03/28","5,565,534","413,437,983","74.55","74.60","73.95","74.25","+0.05","1,726",
"2017/03/29","2,464,193","182,878,025","74.45","74.50","74.00","74.00","-0.25","551",
"2017/03/30","2,181,458","161,500,292","74.00","74.25","73.90","73.90","-0.10","424",
"2017/03/31","2,008,887","148,377,572","73.95","74.10","73.70","73.70","-0.20","614",
"2017/02/02","6,999,147","511,783,003","73.50","73.65","72.75","72.90","-0.40","1,808",
"2017/02/03","2,809,194","204,726,612","72.95","73.15","72.65","72.85","-0.05","1,203",
"2017/02/06","2,947,246","215,765,564","73.00","73.40","72.95","73.25","+0.40","1,195",
"2017/02/07","4,305,232","315,681,749","73.10","73.45","73.10","73.30","+0.05","1,897",
"2017/02/08","4,433,939","317,740,281","71.90","71.90","71.35","71.75","X0.00","2,095",
"2017/02/09","3,548,420","255,343,191","71.75","72.20","71.65","72.00","+0.25","857",
"2017/02/10","4,869,787","353,758,401","72.10","72.95","72.10","72.80","+0.80","1,148",
"2017/02/13","3,330,147","243,215,631","72.80","73.10","72.80","72.95","+0.15","924",
"2017/02/14","6,071,668","445,062,006","73.40","73.50","73.10","73.20","+0.25","1,379",
"2017/02/15","9,407,004","692,431,969","73.30","73.90","73.20","73.90","+0.70","2,298",
"2017/02/16","5,466,631","402,438,648","74.00","74.20","73.35","73.45","-0.45","1,713",
"2017/02/17","5,192,773","381,393,148","73.65","73.70","73.35","73.35","-0.10","1,184",
"2017/02/18","3,227,803","237,095,308","73.30","73.55","73.20","73.50","+0.15","1,190",
"2017/02/20","2,802,606","205,434,206","73.55","73.65","73.10","73.10","-0.40","1,401",
"2017/02/21","3,337,389","244,318,096","73.20","73.40","73.05","73.25","+0.15","527",
"2017/02/22","2,938,397","215,548,987","73.60","73.70","73.15","73.30","+0.05","484",
"2017/02/23","2,332,442","170,965,930","73.25","73.55","73.10","73.10","-0.20","571",
"2017/02/24","1,844,790","134,857,020","73.05","73.30","72.85","73.15","+0.05","615",
"2017/01/03","2,331,431","167,301,490","71.70","71.90","71.50","71.90","+0.10","451",
"2017/01/04","4,284,195","308,177,877","72.00","72.10","71.75","71.85","-0.05","614",
"2017/01/05","4,573,600","330,422,521","71.85","72.50","71.80","72.50","+0.65","1,236",
"2017/01/06","3,752,998","272,387,663","72.45","72.75","72.45","72.65","+0.15","980",
"2017/01/09","5,038,290","366,344,482","72.75","72.95","72.30","72.45","-0.20","1,057",
"2017/01/10","1,857,853","134,624,612","72.45","72.60","72.40","72.40","-0.05","422",
"2017/01/11","1,898,053","137,621,077","72.80","72.85","72.40","72.40"," 0.00","589",
"2017/01/12","4,857,459","354,847,738","72.60","73.30","72.60","73.15","+0.75","1,399",
"2017/01/13","3,909,860","284,091,239","72.80","72.80","72.60","72.60","-0.55","835",
"2017/01/16","2,418,439","174,145,772","72.40","72.40","71.80","72.00","-0.60","881",
"2017/01/17","1,572,741","113,686,311","72.00","72.40","72.00","72.30","+0.30","494",
"2017/01/18","3,837,818","276,891,011","72.20","72.20","72.05","72.15","-0.15","679",
"2017/01/19","4,065,559","292,416,114","71.85","72.10","71.60","71.95","-0.20","665",
"2017/01/20","2,422,174","174,730,158","71.95","72.25","71.95","72.15","+0.20","1,433",
"2017/01/23","5,965,089","434,672,631","72.55","73.00","72.55","72.75","+0.60","1,534",
"2017/01/24","4,575,104","334,830,127","73.00","73.30","72.90","73.30","+0.55","1,858",















